What's Your Christian Dating Pattern?	whats-your-christian-dating-pattern	profile	Repeating the same dating mistakes; not knowing why relationships keep failing	The Serial Almost | The Guarded Heart | The Fixer | The Faithful Waiter | The Rush-to-the-Altar	Names the exact loop you keep living so you can finally break it; deeply self-recognizing and screenshot-shareable	91	'Is He The One?' is called the #1 question in Christian dating (ChristianMingle, TGC 'Dating Advice You Actually Need'); 31-red-flags listicles; r/ChristianDating threads on repeating mistakes
Is He the One? A Christian Discernment Profile	is-he-the-one-christian-discernment	profile	Agonizing over whether a partner is God's will or a mistake	Green Light: Pursue | Yellow: Pray and Watch | Red: Walk Away | Not Yet: Keep Growing	Answers the literal most-searched Christian dating question with a verdict people screenshot and text their friends	95	ChristianMingle 'Is He The One?' quiz; TGC says 'Will I know when I've found The One?' is 'probably the number one question'; humansexuality.org '10 biblical dating red flags'
What's Your Love Style, Biblically?	whats-your-love-style-biblically	profile	Not understanding how you give and receive love in relationships	Covenant Lover (Ruth) | Sacrificial Lover (Hosea) | Partner-in-Mission (Priscilla) | Devoted Protector (Boaz) | Healing-in-Progress	Faith reframe of the viral love-languages/love-styles quiz; built for couples to compare and tag each other	88	Gary Chapman love languages + Truity '7 Love Styles Test' are massive; marriagesharing.com Christian attachment quiz; bible-couple love archetypes (Time-Warp Wife top couples)
What's Your Attachment Style in Christian Relationships?	attachment-style-christian-relationships	profile	Anxiety, avoidance and clinginess sabotaging dating and marriage	Secure in Christ | Anxious-Reaching | Avoidant-Walled | Fearful-Torn	Rides the huge attachment-style trend with a faith lens; explains why you panic or pull away	86	marriagesharing.com 'Attachment Style Quiz For Christians' (secure/anxious/avoidant/fearful); Psychology Today attachment tests; Christian Connection 'if you're attached'
What Generational Pattern Are You Breaking?	what-generational-pattern-are-you-breaking	profile	Carrying family sin, trauma and dysfunction you desperately want to end	The Anger Cycle | The Absent-Parent Cycle | The Addiction Cycle | The Poverty-Fear Cycle | The Silence-and-Shame Cycle	Names the specific chain you're the first to break; cycle-breaker identity is intensely emotional and shareable	93	Pastor Vlad + Kris Reece YouTube on breaking generational curses; Exodus 20:5 third/fourth generation; Psychology Today 'What is a Cycle-Breaker?'; iBelieve breaking generational curses
Are You a Generational Cycle Breaker?	are-you-a-cycle-breaker	profile	Feeling alone as the one trying to do family differently	Born Cycle Breaker | Reluctant Cycle Breaker | Healing-but-Tired | Still-in-the-Cycle	Validates the lonely 'first to break it' calling; spawns testimony comments and shares	89	'cycle breaker' framing across YouTube/Psychology Today/Aviva Romm; refreshing-waters '5 steps to break family cycles'; oakhealthfoundation generational trauma in the Bible
What's Your Parenting Spirit?	whats-your-parenting-spirit	profile	Doubting whether you're raising your kids the right, godly way	The Gentle Shepherd | The Firm Anchor | The Grace-First Parent | The Anxious Perfectionist | The Recovering Strict Parent	Settles the gentle-vs-biblical parenting war in a self-test moms screenshot and debate	90	TGC + Desiring God + Foundation Worldview 'Is Gentle Parenting Biblical?' is a hot debate; grace-based vs discipline (Prov 13:24 vs Eph 6:4); huge mom-guilt audience
Gentle Parenting or Biblical Discipline: Where Do You Land?	gentle-parenting-or-biblical-discipline	profile	Torn between gentle-parenting trends and traditional biblical discipline	Mostly Gentle | Balanced Grace-and-Truth | Mostly Structure | Still Figuring It Out	Puts you on the most-argued Christian-mom spectrum of the moment; comment-bait and shareable	87	Multiple major outlets debating gentle parenting biblically (TGC, Desiring God, iBelieve, Women in Apologetics); punishment vs natural consequences
What's Your Singleness Season?	whats-your-singleness-season	profile	Feeling stuck, lonely or behind while waiting for a spouse	The Contented Caller | The Aching Waiter | The Gift-Embracer | The Restless Striver	Speaks to the 'content but still struggling' tension every single feels; comforting and very shareable	85	Desiring God 'Single but Not Lonely'; 'gift of singleness' (1 Cor 7); 'you can be content and still struggle'; 'not stuck in a waiting room' language
Why Is Your Love Life Stuck? A Christian Diagnosis	why-is-your-love-life-stuck	profile	Christian dating feels impossible: apps, talking stages, situationships	Fear Is Driving | Standards Need Tuning | You're Hiding | Timing Isn't Yours | Healing Comes First	Diagnoses the exact reason dating keeps stalling; brutally relatable to frustrated singles	84	r/ChristianDating frustration with apps/'talking stage'/situationships; 'why is Christian dating so hard'; Cru/Crosswalk dating-advice demand
Are You Healing from Purity Culture?	are-you-healing-from-purity-culture	profile	Carrying shame about your body and sexuality from church teaching	Deeply Wounded | Actively Healing | Mostly Free | Never Affected	Names a wound a whole generation shares; emotionally charged and intensely shareable in deconstruction circles	86	'I Kissed Dating Goodbye' fallout; Joshua Harris renouncing it; Sojourners/ChoosingTherapy/Religion News on purity-culture shame and healing
What's Your Marriage Conflict Style?	whats-your-marriage-conflict-style	profile	Fighting the same fight, shutting down, or drifting apart	The Stonewaller | The Pursuer | The Peacemaker | The Score-Keeper | The Avoider	Couples take it together and instantly recognize their fight pattern; classic 'send this to your spouse' energy	88	r/Christianmarriage conflict/communication; Eph 4:26 'do not let the sun go down'; 'quick to listen slow to speak'; emotional-distance and roommate-marriage themes
Is Your Marriage Becoming a Roommate Marriage?	is-your-marriage-a-roommate-marriage	profile	Emotional distance and lost intimacy after years together	Deeply Connected | Drifting Quietly | Roommate Zone | Rebuilding	Hits the quiet fear long-married couples won't say aloud; couple-tag and DM-share magnet	83	Cambridge Papers on emotional distance/withered marriage; r/Christianmarriage emotional-distance threads; 'roommate marriage' a common search
Submission or Mutual Submission? Your Marriage Roles Profile	your-marriage-roles-profile	profile	Confusion and conflict over biblical roles of husband and wife	Complementarian | Mutual-Submission | Egalitarian-Lean | Conflicted	Tackles the spiciest Christian-marriage debate as a couple's self-test; share-and-argue fuel	80	Eph 5:21-33 submission debate (ACCFS, Spark Discipleship, CPH blog); 'submit to one another'; husband/wife roles a perennial flashpoint
What's Your Praying-for-a-Prodigal Posture?	praying-for-a-prodigal-posture	profile	Heartbreak over an adult child who walked away from faith	The Hopeful Watcher | The Weary Warrior | The Letting-Go Parent | The Guilt-Carrier	Speaks directly to grieving parents nobody else is talking to; deeply moving and quietly shared	82	Focus on the Family 'Hope For Parents of Prodigal Children'; Family Fire 'Praying for Prodigal Children'; WMU 'Parenting a Prodigal'; estranged-mom coaching
How Do You Honor a Difficult Parent? A Christian Profile	how-do-you-honor-a-difficult-parent	profile	Guilt over boundaries with toxic, narcissistic or abusive parents	Boundaried Honor | No-Contact Peace | Still-Trapped | Reconciling Slowly	Frees people from the guilt of the 5th commandment vs toxic parents; cathartic and highly shareable	84	GotQuestions 'How do we honor an abusive parent?'; 'boundaries as honor'; no-contact with narcissistic mother; Exodus 20:12 vs abuse
What's Your Family-of-Origin Wound?	whats-your-family-of-origin-wound	profile	Old family wounds shaping how you love, parent and fight today	The Abandonment Wound | The Control Wound | The Performance Wound | The Silence Wound	Connects your childhood to your present relationships in one shareable result; therapy-adjacent virality	81	Generational trauma 'rewrite the script' (refreshing-waters); cycle-breaker compassion for parents' own trauma; family-system dysfunction themes
What's Your Waiting-Season Faith Type?	whats-your-waiting-season-faith-type	profile	Losing hope while waiting on God for marriage or a child	Trusting Tess | Striving Striver | Bargaining Believer | Surrendered Soul	Universal 'still waiting' ache for singles and infertility alike; gentle, comforting, shareable	78	'waiting season not a wasted season' (Christian singleness articles); Hannah's prayer for a child; 'God's timing' demand across dating + fertility
What's Your Readiness-for-Marriage Score?	whats-your-readiness-for-marriage-score	profile	Unsure if you're actually ready for marriage or just lonely	Ready and Rooted | Almost There | Heal First | Lonely, Not Ready	Gives daters a verdict on themselves, not just their partner; self-share and couple-compare	79	Cru/Crosswalk '10 dating tips before you date'; readiness/confirmation-from-community framing in Christian dating advice
What Kind of Christian Husband/Wife Are You Becoming?	what-christian-spouse-are-you-becoming	profile	Wanting to be a godly spouse but unsure where you fall short	The Servant Leader | The Nurturer | The Provider-Protector | The Work-in-Progress	Aspirational self-test couples take together; 'send this to your spouse' built in	77	'marriage roles and why they matter' (Marriage After God); Eph 5 husband-love/wife-respect; godly-spouse aspiration content
What's Your In-Law Dynamic, Biblically?	whats-your-in-law-dynamic	profile	Tension with in-laws and leaving-and-cleaving conflict	The Ruth Bond | The Boundary-Setter | The Caught-in-the-Middle | The Distant Truce	Niche but viciously relatable; named after Ruth/Naomi; spouses tag each other instantly	76	Ruth and Naomi devotion model; 'leave and cleave' marriage teaching; in-law boundary conflict a common marriage-forum topic
Which Bible Couple Is Your Relationship?	which-bible-couple-is-your-relationship	archetype	Wondering what your relationship really mirrors	Ruth and Boaz | Priscilla and Aquila | Hosea and Gomer | Jacob and Rachel | Abigail and Nabal | Abraham and Sarah	Flagship couple-tag quiz; instantly screenshot-and-send to your partner; huge spread potential	94	Multiple 'best/most romantic couples of the Bible' listicles (Time-Warp Wife, Christianity.com, Nat Geo Jacob/Leah/Rachel); strong recognizable cast
Which Bible Power Couple Are You?	which-bible-power-couple-are-you	archetype	Couples wanting to know their shared mission identity	Priscilla and Aquila | Aquila's Apprentices | Joseph and Mary | Boaz and Ruth	Lighter, aspirational couple quiz for ministry-minded pairs; couple-tag shareable	83	Priscilla and Aquila 'equal devoted partnership in ministry'; answeredfaith biblical-marriage examples; power-couple framing trends
Which Bible Parent Are You?	which-bible-parent-are-you	archetype	Parents wanting to see themselves in Scripture	Hannah | Jochebed | David | Eli | Mary | Eunice and Lois	Core parenting archetype quiz; moms and dads screenshot and tag their co-parent	89	Crosswalk/Christianity IQ 'mothers in the Bible'; Hannah (dedicated Samuel), Jochebed (trusting), Eli (permissive warning), David (grief), Eunice/Lois (faith passed down)
Which Bible Mother Are You?	which-bible-mother-are-you	archetype	Mothers seeking a biblical mirror for their season	Hannah the Prayer Warrior | Jochebed the Brave | Mary the Surrendered | Naomi the Mentor | Eunice the Faith-Passer	Mother's-Day-evergreen archetype; built for sharing among mom groups	85	'10 examples of good mothers in the Bible' (Christianity IQ); 'extraordinary mothers' (Crosswalk); brave-mothers content; high mom-share demand
Which Bible Father Are You?	which-bible-father-are-you	archetype	Dads wondering what kind of father they are spiritually	The Prodigal's Father | Joseph the Protector | David the Flawed | Abraham the Faithful | Eli the Too-Soft	Underserved dad audience; Father's-Day evergreen; wives tag husbands	80	Prodigal-son father model (Focus on the Family); Joseph protector; David's parenting grief; Eli's permissiveness warning; fathers-in-the-Bible demand
Which Bible Love Story Matches Your Singleness?	which-bible-love-story-matches-your-singleness	archetype	Singles wanting hope and a story that fits their wait	Ruth Gleaning (Waiting Well) | Isaac Praying (Trusting) | Jacob Working (Pursuing) | Hannah Waiting (Aching)	Turns the painful wait into a hopeful biblical identity; singles share for encouragement	81	Ruth/Boaz 'second chance' story; Isaac and Rebekah (prayer/provision); Jacob working for Rachel; singleness-hope content demand
Which Generational Curse Are You Called to Break?	which-generational-curse-are-you-called-to-break	archetype	Identifying the specific bondage running through your bloodline	Anger and Abuse | Addiction | Fatherlessness | Fear and Poverty | Pride and Control	Names your specific spiritual battle as a calling; testimony-comment and share magnet	87	Pastor Vlad 'bloodline patterns'; Kris Reece 'how to break generational curses'; kingdomblueprint777 generational curses; recognizable curse categories
Which Bible Family Are You? (Family Drama Edition)	which-bible-family-are-you	archetype	Recognizing your own family's dysfunction and grace in Scripture	Jacob's Blended Chaos | Joseph's Reconciled Brothers | David's Broken House | Mary and Joseph's Faithful Home | Naomi's Loyal Loss	Every family sees itself in Bible dysfunction; hilarious-yet-deep family-group-chat share	82	Jacob/Leah/Rachel dysfunction (Nat Geo); David's broken house; Joseph's brothers reconciliation; family-dysfunction relatability
How Well Do You Know the Bible's Couples and Families?	bible-couples-and-families-iq	knowledge	Curiosity and friendly competition over Bible relationship trivia	Bible Romance Scholar | Solid Student | Sunday-School Level | Time to Open Genesis	Trivia hook on a beloved topic; couples and small groups challenge each other to beat the score	72	Strong content base on bible couples (multiple listicles) and families; knowledge-quiz demand for shareable scores in small groups
