Why Do You Feel Stuck Right Now?	why-do-you-feel-stuck	profile	feeling stuck and purposeless	Stuck in Waiting | Stuck in Fear | Stuck in Comparison | Stuck in Burnout | Stuck in Disobedience	Names the exact reason you feel frozen and gives the one spiritual move that unsticks you; 'feeling stuck' is one of the most-searched life states for 20-40s	90	r/Christianity + secular r/findapath threads center on 'what am I doing with my life'; My Daily Bread 'What The Bible Says About Feeling Stuck' + 'obscurity always comes before assignment' devotionals rank highly
Which Bible Figure's Waiting Season Are You In?	which-waiting-season-bible-figure	archetype	stuck in a waiting season	Joseph in Prison | David Anointed but Not Yet King | Abraham Waiting for Isaac | Moses in Midian | Hannah Praying for a Child | Sarah Past Hope	The flagship archetype for waiting: maps your exact in-between to a named biblical wait (Joseph 13 yrs, David 15, Abraham 20, Moses 40) so the limbo finally has meaning	92	Heavy sermon volume: 'When God Makes You Wait' (Abraham), 'Joseph: God Is with You in the Waiting', David's 15-yr gap; waiting-season sermons are a recurring YouTube genre
What's Your Discernment Style?	whats-your-discernment-style	profile	how do I know God's will	The Counsel-Seeker | The Peace-Waiter | The Open-Door Walker | The Scripture-First | The Bold Mover	Reframes 'how do I know God's will' as a style you already lean on, then names your blind spot; God's-will discernment is a perennial top Christian search	89	Biola CMR 'Discerning God's Will vs Personal Desires', Core Christianity 'Non-Paralyzing Search for God's Will', and countless 'how do I know God's will for my life' searches
Is It God or Is It Just You?	is-it-god-or-just-you	profile	fear of the wrong choice	Mostly God's Nudge | Mostly Your Own Desire | A Healthy Mix | Too Tangled to Tell Yet	Tackles the #1 secret fear in Christian decisions head-on with a shareable, slightly cheeky title; everyone has whispered this	88	Direct match to searches 'how do I know if it's God or me'; La Vista Church + In Light of Scripture answer 'is this God or my own want' for jobs and marriage
What's Your God-Given Calling Style?	whats-your-calling-style	profile	what am I here for	The Builder | The Healer | The Messenger | The Shepherd | The Maker | The Bridge	Distinct from a generic calling profile: typed by HOW you're wired to serve, not gifts inventory; turns 'what am I here for' into an identity badge	87	iBelieve '6 Questions to Identify Your Calling', LeTourneau 'What is a Calling', and existing 'What Is My God-Given Purpose' quizzes prove strong demand
Are You Actually Behind in Life?	are-you-actually-behind-in-life	profile	feeling stuck and purposeless	Right on God's Timeline | Comparison Has Lied to You | In a Hidden Prep Season | Genuinely Drifting and Need a Step	Confronts the brutal 'everyone has it figured out' feeling with grace; the 'falling behind' anxiety is a viral evergreen for 20-40s	90	'Compare and despair' + 'feel like I'm falling behind while everyone has their life together' is documented across 20s/30s mental-health and Christian content
Which Waiting Room of the Bible Are You Sitting In?	which-bible-waiting-room	archetype	waiting on God	The Dungeon (Joseph) | The Wilderness (Moses) | The Cave (David) | The Doorway (Ruth) | The Shoreline (the Disciples) | The Empty Womb (Hannah)	A fresh 'waiting room' metaphor instead of literal figures; cozy, visual, and instantly shareable as 'this is so me'	84	Waiting-season sermon ecosystem (Abraham/Joseph/David/Moses) supports the frame; 'Does Waiting on God Feel Lonely?' service video shows the emotional pull
What's Keeping You From Making the Decision?	whats-blocking-your-decision	profile	big decisions	Fear of the Wrong Choice | Waiting for a Sign | Too Many Good Options | Other People's Opinions | Quiet Disobedience	Diagnoses analysis paralysis precisely; 'I can't decide' is universal and the result instantly feels like a mirror	86	Craig Groeschel 'When You Just Can't Decide', Church of Pentecost 'Analysis Paralysis: Struggle of an Overthinking Youth', '35,000 decisions a day' framing
Which Quarter-Life Crisis Are You Having?	which-quarter-life-crisis	profile	quarter-life crisis	The Career Spiral | The Purpose Panic | The Faith Wobble | The Comparison Trap | The 'Is This It?' Drift	Names the specific flavor of the 20s/30s unraveling with a faith lens; quarter-life crisis is a highly shareable, self-deprecating hook	87	ChristianChat 'quarter-life crisis in your 20s/30s' thread + Groundwork 'Feeling Lost in Your 20s and 30s' confirm this exact language and audience
Open Door or Closed Door?	open-door-or-closed-door	profile	discernment	This Door Is From God | This Door Is a Detour | The Door's Still Being Tested | You're Knocking on the Wrong Door	Turns the most-used Christian decision metaphor into a quiz; people LOVE having their 'sign' interpreted	85	Bridges Church 'Are open/closed doors indicators of God's will?', Proverbs 31 'Is It a Closed Door or an Opportunity?', huge open-door search volume
What Is God Preparing You For?	what-is-god-preparing-you-for	profile	feeling stuck and purposeless	A Leadership Assignment | A Season of Rest | A Hidden Influence | A Hard but Holy Calling | Something You Can't See Yet	Reframes the stuck/wilderness season as preparation, not punishment; deeply encouraging and screenshot-worthy	88	'Obscurity comes before assignment', 'God makes men in the desert', 'God had used those 40 years to prepare Moses' all surface in wilderness devotionals
Which Wilderness Season Are You In?	which-wilderness-season	archetype	wilderness season	The Midian Years (Moses) | The 40 Days (Jesus Tested) | The Desert Wandering (Israel) | Elijah's Burnout Cave | Hagar in the Desert	Specific 'wilderness' archetype distinct from the general waiting one; targets people literally Googling 'stuck in a wilderness season'	83	Multiple 'feeling stuck in the wilderness' devotionals + Moses-in-Midian sermons; 'tired of the wilderness' Substack shows live demand
How Do You Hear God?	how-do-you-hear-god	profile	how do I know God's will	Through Scripture | Through Peace | Through People | Through Circumstances | Through Conviction	Answers the practical ache behind God's-will questions; positive, identity-affirming, broadly shareable	82	'God speaks to those who make space to listen', plus constant 'how do I hear from God / know His will' searches and sermons
Which 'Now What?' Bible Moment Are You In?	which-now-what-bible-moment	archetype	feeling stuck	After the Mountaintop (Elijah) | After the Promise (Abraham) | After the Failure (Peter) | After the Loss (Naomi) | After the Yes (Mary)	Hooks the specific 'I said yes / it happened, now what?' disorientation; novel framing that feels personal	80	Maps to feeling-stuck and waiting content; 'now what after God answered' is a common post-decision and post-transition struggle
What's Your Biggest Decision-Making Trap?	whats-your-decision-trap	profile	fear of the wrong choice	Overthinking | People-Pleasing | Sign-Hunting | Impulse Jumping | Endless Pro/Con Lists	Lighter, behavior-focused take on decision struggles; the traps are funny-because-true and tag-a-friend ready	81	Kevin DeYoung 'Just Do Something' anti-paralysis movement + decision-anxiety articles on fear of an 'irreversibly bad decision'
Are You Chasing Your Calling or Running From It?	chasing-or-running-from-calling	profile	what am I here for	All-In Chasing | Quietly Avoiding | Jonah-Style Running | Stuck at the Starting Line	A provocative either/or with a Jonah wink; the 'are you running from God' angle is emotionally charged and shareable	84	Calling-discovery content ('signs you've found your calling', 'you can't let it go') plus the Jonah-running-from-purpose trope
Which Bible Figure Made a Big Decision Like You?	which-decision-maker-bible-figure	archetype	big decisions	Ruth Choosing a New Path | Esther 'For Such a Time' | Gideon Asking for a Sign | Mary Saying Yes | Jonah Refusing the Call	Archetype for decision-makers specifically (not waiting); covers the famous sign-asking + risky-yes stories people relate to	82	Gideon's fleece, Esther's 'for such a time', Ruth's leap, Mary's yes are the go-to decision stories in sermons on God's will
What's God's Plan for This Season of Your Life?	gods-plan-for-this-season	profile	what's God's plan for me	A Season to Build | A Season to Wait | A Season to Heal | A Season to Risk | A Season to Rest	Directly answers 'what is God's plan for me' but scoped to NOW, which feels less daunting and more clickable	86	'What's God's plan for my life' is a top Christian search; season-based teaching ('everything beautiful in its time') is everywhere
Why Do You Feel Purposeless Right Now?	why-do-you-feel-purposeless	profile	feeling purposeless	You've Outgrown an Old Identity | You're Comparing Your Insides to Their Outsides | You're in a Hidden Season | You're Disconnected From Your Why	Goes straight at the raw 'I feel purposeless' search with compassionate, specific causes; high emotional resonance	85	'Many Christians question their true purpose and seek it in ways that lead to confusion and anxiety' (purpose video) + purposeless feelings in quarter-life threads
Which Door Is God Asking You to Walk Through?	which-door-is-god-opening	profile	discernment	The Scary New Thing | The Quiet Faithful Thing | The Closed Door to Accept | The Door You Keep Avoiding	Action-oriented spin on open/closed doors that nudges toward a next step; hopeful and forward-leaning	80	Open-door/closed-door discernment content ('a closed door is direction, not rejection') is a large, durable niche
Are You Waiting on God or Is God Waiting on You?	waiting-on-god-or-god-waiting-on-you	profile	waiting on God	God Is Building Your Patience | You're Avoiding an Obedient Step | A Mix of Both | The Wait Is Almost Over	A clever role-reversal title that reframes passive waiting; the twist makes it intensely shareable and conviction-inducing	86	'Sometimes God requires us to move forward in uncertainty' + 'God asked for obedience, not perfection' counter the passive-waiting mindset
What's Your Calling Roadblock?	whats-your-calling-roadblock	profile	feeling stuck	Fear of Failure | Lack of Clarity | No Open Door Yet | Self-Doubt | Waiting for Permission	Pinpoints the one thing between you and your calling; solution-shaped and motivating to share	79	Calling-coaching content ('7 steps to confirm your calling') + 'analysis paralysis keeps you from your divine calling'
Which Anointed-but-Waiting Hero Are You?	which-anointed-but-waiting-hero	archetype	stuck in a waiting season	David (Anointed, Tending Sheep) | Joseph (Dreamer, in Chains) | Esther (Chosen, in Hiding) | Joshua (Next-in-Line, Still Following) | Timothy (Called Young, Underestimated)	Sharper sub-angle of waiting: you KNOW you're called but it hasn't started; speaks to ambitious, frustrated 20-40s	83	David anointed 15 yrs before kingship, Joseph's dreams before the throne, Joshua under Moses; 'called but not yet' is a recurring sermon theme
Should You Make the Leap or Keep Waiting?	leap-or-keep-waiting	profile	big decisions	Take the Leap | Wait a Little Longer | Gather More Counsel First | You Already Know the Answer	A high-stakes either/or everyone facing a job/move/relationship decision wants answered; maximum click intent	85	'How to Decide What Job to Take and Who to Marry', leap-of-faith vs wait tension in nearly all big-decision Christian articles
What Kind of Lost Are You?	what-kind-of-lost-are-you	profile	feeling stuck and purposeless	Spiritually Lost | Directionally Lost | Identity Lost | Just Resting and Not Lost At All	Validates the vague 'I feel lost' state and sorts it into something actionable; gentle, relatable, screenshot-worthy	84	'Feeling Lost in Your 20s and 30s? You're Not Alone' + faith-wobble content; 'lost' is a common self-description in these threads
Which Sign Are You Waiting For From God?	which-sign-are-you-waiting-for	profile	how do I know God's will	A Clear Yes | A Peace That Stays | A Door That Opens | A Word From Someone | You're Done Waiting for Signs	Names the kind of confirmation you're holding out for, then gently challenges sign-dependence; very relatable	81	Gideon's fleece + 'searching for peace about a decision leads to paralysis' + 'God speaks through people confirming a path'
What's Your 'God's Will' Hang-Up?	whats-your-gods-will-hangup	profile	how do I know God's will	Fear of Picking Wrong | Believing in One 'Perfect' Plan | Waiting for a Burning Bush | Ignoring the Wisdom You Have	Targets the theological misunderstanding that fuels paralysis ('one perfect will'); educational + shareable	80	Core Christianity + RTIM 'Just Do Something' review both name the 'one perfect will' myth as the root of decision paralysis
Which In-Between Place of the Bible Describes You?	which-in-between-bible-place	archetype	feeling stuck	The Red Sea Shore (Trapped) | The Jordan's Edge (About to Cross) | The Upper Room (Waiting for Power) | The Road to Emmaus (Confused) | The Belly of the Whale (Stalled)	A vivid 'liminal place' archetype; the in-between is exactly where stuck/waiting people feel they live	82	Red Sea trapped moment, waiting in the Upper Room, Emmaus confusion, Jonah's whale all map to limbo; strong sermon + devotional presence
How Many Books of the Bible Are About Waiting? (And Which One Is You)	bible-waiting-knowledge-quiz	knowledge	stuck in a waiting season	Brand New to the Waiting Stories | You Know the Classics | Waiting-Season Scholar | You Live in These Pages	Light knowledge quiz riding the waiting theme so the cluster isn't all profiles; fun, low-pressure, still on-emotion	72	Waiting figures (Joseph, Abraham, David, Moses, Hannah, Simeon, the disciples) give rich quiz material; pairs with the strong waiting-season demand
Why Hasn't God Answered Yet?	why-hasnt-god-answered-yet	profile	waiting on God	He's Preparing You | He's Protecting You | He Already Answered, Just Not How You Hoped | The Answer Is 'Wait'	Speaks to the painful silence in waiting/decision seasons with four merciful possibilities; deeply emotional and saveable	87	Joyce Meyer 'When, God, When?', 'a closed door is protection not rejection', and the universal ache of unanswered prayer in waiting content
