What's Your Hidden Wound?	whats-your-hidden-wound	profile	healing past wounds	The Abandonment Wound | The Rejection Wound | The Betrayal Wound | The Not-Enough Wound | The Injustice Wound	Names the specific core wound running quietly under your reactions, then offers the verse that speaks to it; 'hidden wound / what is my core wound' is a heavily searched self-discovery hook	93	Inner-child content (Cleveland Clinic, Healthline 'heal your inner child') frames wounds as abandonment/rejection/shame; Christian 'allow God to heal the hidden wounds' devotionals use this exact phrasing
Do You Have Church Hurt? (The Honest Test)	do-you-have-church-hurt	profile	church hurt	Carrying Real Church Hurt | A Spirit of Offense, Not Abuse | Survived Spiritual Abuse | Mostly Healed, a Few Triggers Left	Settles the question people quietly ask after leaving a church, with grace and zero shame; sits directly on top of proven 'religious trauma quiz' search demand	95	Multiple ranking quizzes ('Religious Trauma Test', '#1 Religious Trauma Quiz for Christian Women Ready to Heal'); YouTube 'church hurt vs spiritual abuse' and 'spiritual abuse vs a spirit of offense' videos
What's Your Church-Hurt Recovery Stage?	whats-your-church-hurt-recovery-stage	profile	healing from church hurt	Still in the Fog | Naming What Happened | Setting Boundaries | Grieving the Loss | Cautiously Rebuilding Trust	Maps where you actually are in healing so the chaos has a name and a next step; recovery-stage framing is exactly how the top articles structure the journey	92	Center for Action and Contemplation 'guide to healing church hurt', Sandstone Care '9 signs of religious trauma & how to heal', Crosswalk '6 healthy ways to recover from church trauma' all lay out staged recovery
Who Do You Need to Forgive?	who-do-you-need-to-forgive	profile	unforgiveness toward others	A Parent | A Former Friend | A Church or Pastor | An Ex | Yourself | God (Honestly)	Surfaces the name your heart already whispered and gently points to the first step; 'who do I need to forgive' is the universal gut-punch question	91	'Forgiving someone who isn't sorry' is a top Christian search across iBelieve, Desiring God; forgiveness content repeatedly names parents, exes, church leaders, and self as the hardest targets
What's Fueling Your Bitterness?	whats-fueling-your-bitterness	profile	bitterness and resentment	An Unhealed Injustice | A Grudge You Keep Rehearsing | Comparison and Envy | Disappointment With God | An Apology That Never Came	Diagnoses the root feeding the resentment so you can pull it instead of fighting the fruit; bitterness as a 'prison you build' is a viral framing	89	Desiring God 'we cannot cling to bitterness and God', Christianity Today 'how to deal with bitterness and resentment'; CPTSD Foundation '6 ways to let go of resentment' names rehearsed grudges
Can You Forgive Someone Who Isn't Sorry?	can-you-forgive-someone-who-isnt-sorry	profile	forgiving someone who hurt you	You're Ready to Release It | You're Confusing Forgiveness With Reconciliation | You're Waiting on an Apology That May Never Come | You've Forgiven but the Wound Still Aches	Tackles the single most-searched forgiveness question head-on and separates forgiveness from reconciliation; instantly shareable for anyone stuck	93	Huge search cluster: Psalmlog, Bible Boulevard, Deb Preston, iBelieve all titled 'how to forgive someone who isn't sorry'; central teaching is forgiveness without an apology and boundaries intact
Which Wounded-but-Healed Bible Figure Are You?	which-wounded-but-healed-bible-figure	archetype	healing past wounds	Joseph (Betrayed, Then Restored) | Naomi (Bitter, Then Renamed) | The Bleeding Woman (Suffering, Then Touched) | Mephibosheth (Crippled, Then Seated at the Table) | Paul (The Persecutor Made Apostle) | Hagar (Cast Out, Seen by God)	The flagship archetype for the whole cluster: maps your specific wound-to-healing arc onto a named figure who limped out the other side; hope plus honesty in one badge	94	Strong source base on each: Joseph forgiving his brothers (Genesis 50), the bleeding woman 'so much more than physical healing', Mephibosheth seated at David's table, Naomi's 'call me Mara'
What's Your Triggered Reaction Style?	whats-your-triggered-reaction-style	profile	emotional triggers	The Shutdown (Freeze) | The Snap (Fight) | The Vanish (Flight) | The People-Please (Fawn) | The Spiral (Overthink)	Names how your old wound hijacks you in the moment, then shows the gentler response God offers; trigger/fight-flight-freeze-fawn content is massively shared	90	Inner-child sources (Tim Fletcher, Positive Psychology) explain triggers as 'wounded inner child reacting'; 'why do I get triggered' is a high-volume search with fight/flight/freeze/fawn vocabulary
What Lie Did Your Wound Teach You?	what-lie-did-your-wound-teach-you	profile	inner healing	'I'm Too Much' | 'I'm Not Enough' | 'It's Not Safe to Trust' | 'It's All My Fault' | 'I Have to Earn Love'	Exposes the childhood lie still steering you and pairs it with the truth that breaks it; the 'identify the lie, find the scripture' method is a core inner-healing practice	89	Christian inner-healing teaching: 'identify every lie from childhood, find scripture that refutes it, meditate on it daily'; lies like 'not enough / unsafe to trust' dominate inner-child recovery content
Why Can't You Trust Church Again?	why-cant-you-trust-church-again	profile	rebuilding trust after church hurt	A Leader Abused Their Power | You Were Shamed for Asking Questions | Community Turned on You | You Saw Behind the Curtain | You're Just Not Ready Yet	Validates the wall you put up and reframes slow trust as wisdom, not weakness; 'can't go back to church' is a raw, relatable confession	88	Biblical Counseling Coalition 'learning to trust again after church hurt' (trust built on evidence of the Spirit, not time); 9Marks and F. Remy Diederich on the 'walking wounded' misreading new churches
Are You Ready to Find a New Church?	are-you-ready-to-find-a-new-church	profile	finding a church after leaving one	Heal First, Don't Rush | Ready to Visit but Stay on the Edges | Ready to Try Belonging Again | You Don't Owe Anyone a Timeline	Answers the loaded 'should I go back?' question with permission to go slow; church-shopping-after-hurt is a defined, searched need	86	F. Remy Diederich 'I left my toxic church, now what?' (grieve the loss first), SOLA Network and YMI 'left the church hurt and came back' on easing back in slowly
Which Toxic Church Pattern Did You Survive?	which-toxic-church-pattern-survived	profile	leaving a toxic church	The Control Culture | The Celebrity Pastor | The Shame Machine | The Us-vs-Them Bubble | The Spiritual Bypassing	Helps you name the exact unhealthy system you escaped, which is itself a documented first step to healing; high recognition, very shareable	87	Sandstone Care and CAC list high-control environments, shame, and identity-suppression as marks of spiritual abuse; 'name what happened to you' is cited as the validating first step
Which Bible Figure Was Wounded by Religious Leaders Like You?	which-bible-figure-wounded-by-religious-leaders	archetype	church hurt	The Man Born Blind (Cast Out of the Synagogue) | Jeremiah (Persecuted by the Priests) | David (Hunted by God's Anointed King) | Hannah (Shamed at the Temple Door) | Jesus Himself (Rejected by the Religious Establishment)	Tells the church-hurt crowd that Scripture's own heroes were wounded by religious power, and Jesus most of all; validating, surprising, deeply shareable	89	John 9 man born blind 'thrown out', Jeremiah beaten by priest Pashhur, David fleeing Saul, Hannah judged by Eli, and Jesus rejected by the Pharisees ground the church-hurt experience biblically
What's Keeping You Stuck in Unforgiveness?	whats-keeping-you-stuck-in-unforgiveness	profile	holding a grudge	You Think Forgiving Means It Was Okay | You're Protecting Yourself From More Hurt | You're Waiting for Them to Pay | Forgiving Feels Like Losing	Diagnoses the belief jamming the lock on forgiveness; reframes the myths that keep people imprisoned in resentment	88	Mayo Clinic 'letting go of grudges', Renovare 'release resentment'; Christian teaching that unforgiveness 'gives your offender ongoing power' and is a self-built prison
Which Bible Figure's Grudge Are You Carrying?	which-bible-figures-grudge	archetype	holding a grudge	Jonah (Resentful That Mercy Was Given) | The Older Brother (Bitter at the Father's Grace) | Cain (Festering Jealousy) | Esau (Robbed and Out for Revenge) | Saul (Threatened, Hunting the Innocent)	Holds up a mirror by matching your grudge to a figure who nursed the same one, with a knowing tone and a way out; deeply relatable and tag-a-friend material	85	Jonah angry at Nineveh's mercy, the prodigal's older brother, Cain and Abel, Esau's vow against Jacob, Saul's jealous pursuit of David are the Bible's classic grudge studies
Which Source of Your Anger Runs Deepest?	which-source-of-your-anger	profile	anger and unforgiveness	Hurt Pretending to Be Anger | Injustice You Witnessed | Boundaries People Crossed | Fear Wearing an Angry Mask | Grief You Never Got to Feel	Reframes anger as a messenger pointing to a deeper wound, defusing shame and inviting healing; 'anger is a secondary emotion' is a viral therapy concept	86	Letting-go-of-anger content (Centerstone, Headspace) frames anger as covering hurt/fear/grief; Christian teaching to feel anger as a 'God-given emotion' after loss supports the reframe
Is It Conviction or Is It Shame?	is-it-conviction-or-shame	profile	religious trauma	Healthy Conviction From God | Toxic Shame From People | A Tangled Mix | An Old Voice That Isn't God's	Separates the Spirit's gentle conviction from the crushing shame religious trauma leaves behind; a genuine lightbulb-moment quiz	89	Religious-trauma sources name 'persistent shame, guilt, worthlessness' as core symptoms; distinguishing conviction from shame is a recurring church-hurt healing theme
What's Your Path Back to God After Church Hurt?	whats-your-path-back-to-god	profile	rebuilding faith after church hurt	Through Honest Lament | Through a Safe Small Community | Through Rediscovering Jesus Apart From Religion | Through Therapy and Time | Still Finding the Door	Offers hopeful, non-pushy routes back to faith for people whose connection to God was poisoned by people; deeply saveable	90	CAC and APA (2025) on rebuilding a spiritual life after religion; recurring theme that 'God was not absent even when people failed' and lament doesn't offend God
Which Bible Figure's Betrayal Feels Like Yours?	which-bible-betrayal-feels-like-yours	archetype	betrayal and broken trust	Joseph (Betrayed by Family) | David (Betrayed by Absalom, His Son) | Jesus (Betrayed by a Close Friend) | Job (Failed by His Friends) | Hannah (Provoked by a Rival)	Matches the shape of your betrayal to a figure who lived it, so you feel less alone; betrayal stories are emotionally charged and screenshot-ready	86	Joseph sold by brothers, Absalom's revolt, Judas's kiss, Job's friends, Peninnah provoking Hannah are the go-to betrayal narratives; 'God meant it for good' anchors the hope
Are You Healing or Just Avoiding?	are-you-healing-or-just-avoiding	profile	healing past wounds	Truly Healing | Numbing and Calling It Peace | Spiritually Bypassing the Pain | Stuck but Honest About It	A gentle gut-check that distinguishes real healing from spiritual bypassing; the provocative either/or drives shares and self-reflection	88	Recovery sources warn against 'spiritual bypassing' and numbing; Christian teaching that 'God validates pain before He heals it' counters pretending you're fine
What's Your Inner-Healing Next Step?	whats-your-inner-healing-next-step	profile	inner healing	Name the Wound | Grieve and Lament It | Forgive the One Who Caused It | Replace the Lie With Truth | Invite God Into the Memory	A practical recommender that hands you the one move that fits where you are; turns a vague 'I want to heal' into a concrete step	85	Christian inner-healing frameworks: honest lament, inviting God into unexplored memories, forgiveness, and lie-to-truth replacement are the recurring named steps
Which Part of You Still Needs Healing?	which-part-of-you-needs-healing	profile	emotional healing	The Anxious Child | The Angry Protector | The People-Pleaser | The Perfectionist | The One Who Went Numb	Externalizes the wounded 'part' that runs the show, making painful self-knowledge feel safe and tender; parts language is highly shareable	86	Inner-child / parts-work content (light candle 'for the wounded and judgmental parts of oneself') and IFS-style framing of protective parts is widespread in trauma-healing material
How Bitter Have You Become? (Be Honest)	how-bitter-have-you-become	profile	bitterness	Barely a Seed | A Root Taking Hold | A Wall Around Your Heart | Bitterness Is Driving Now	A brave, mirror-like self-assessment with a redemptive off-ramp; the 'be honest' framing invites confession and sharing	87	'Root of bitterness' (Hebrews 12:15) imagery; Desiring God and Christianity Today frame bitterness as a hardening that 'pulls us away from the Lord' if left unchecked
Are You Angry at God? (And Is That Okay?)	are-you-angry-at-god	profile	anger at God	Yes, and You're Hiding It | Yes, and You're Wrestling Honestly | More Disappointed Than Angry | Numb and Distant Right Now	Gives permission for the taboo emotion most believers won't admit, with the reassurance that lament is biblical; rare, brave, intensely shareable	90	Christian healing content repeatedly normalizes anger at God through honest lament (the Psalms, Job); 'is it a sin to be angry at God' is a recurring, emotionally loaded search
Which Bible Figure Hid Their Wound Like You Do?	which-bible-figure-hid-their-wound	archetype	fear of being hurt again	Elijah (Ran and Isolated in the Cave) | Mephibosheth (Hid in Lo-Debar, Sure He Was Worthless) | Hagar (Fled to the Wilderness) | Peter (Hid in Shame After Denying Jesus) | Naomi (Came Home Empty and Renamed Herself Bitter)	Names the armor you wear since the wound by matching it to a figure who hid theirs, then shows how God came looking; self-protection patterns are deeply relatable post-hurt	86	Elijah's burnout cave, Mephibosheth hiding in Lo-Debar believing he was a 'dead dog', Hagar fleeing, Peter's shame, Naomi 'call me Mara'; in each, God pursues the one in hiding
Could You Sit at the Table With Someone Who Hurt You?	could-you-sit-at-the-table	profile	forgiving someone who hurt you	Yes, You're Ready | Only With Boundaries | Not Yet, and That's Okay | You Could Forgive but Not Reconcile	Uses the Mephibosheth-at-the-table image to test where you are on reconciliation versus forgiveness; vivid and emotionally resonant	84	Mephibosheth seated at David's table as a redemption image; forgiveness-vs-reconciliation teaching (you can forgive while keeping boundaries) is central to the forgiveness search cluster
What's the Real Reason You Left the Church?	whats-the-real-reason-you-left-church	profile	leaving church	A Leader Hurt You | The Hypocrisy Broke You | You Were Never Allowed to Doubt | Burnout and Exhaustion | You Drifted More Than You Decided	Helps people articulate the layered 'why' behind walking away, which is the start of processing it; high-recognition, confessional hook	86	APA (2025) 'rebuilding life after organized religion', YouTube church-hurt testimonies; spiritual exhaustion and 'not allowed to question' are repeated reasons in leaving-church narratives
Which Healing Encounter With Jesus Is Yours?	which-healing-encounter-with-jesus	archetype	emotional healing	The Bleeding Woman (Reached Out in Desperation) | The Invalid at Bethesda ('Do You Want to Get Well?') | The Woman Caught in Sin (Released From Shame) | Bartimaeus (Cried Out for Mercy) | The Leper (Untouchable, Then Touched)	Maps you to the Gospel healing scene that mirrors your story and gives you Jesus' exact words to you; comforting, gospel-centered, eminently screenshot-worthy	88	Gospel healing encounters: the bleeding woman 'your faith has healed you', Bethesda 'do you want to get well?', the woman caught in adultery, blind Bartimaeus, the cleansed leper; hope-forward and saveable
Which Faith-Deconstruction Stage Are You In?	which-faith-deconstruction-stage	profile	deconstruction after church hurt	The First Cracks | Angry and Questioning Everything | Sifting What's Real From What Was Control | Quietly Rebuilding | Reconstructed, on Your Own Terms	Names where you are in the messy faith-shift after church hurt without judgment; deconstruction is a high-volume, identity-defining conversation	87	r/religioustrauma and deconstruction content frame a staged journey (questioning, anger, sifting, rebuilding); APA covers rebuilding meaning after leaving high-control religion
How Well Do You Know the Bible's Wounded Healers?	bible-wounded-healers-knowledge-quiz	knowledge	healing past wounds	New to These Stories | You Know the Famous Ones | Wounded-Healer Scholar | You Live in These Stories	A lighter knowledge quiz so the cluster isn't all profiles, riding the wounded-but-healed theme; low-pressure but still on-emotion	74	Rich material: Joseph, Naomi, the bleeding woman, Mephibosheth, Paul, Hagar, Job, David all carry well-documented wound-to-restoration arcs that make strong quiz questions
