What's Your Anxiety Style?	whats-your-anxiety-style	profile	Anxiety shows up differently for everyone and people want a name for the specific way their fear operates	The Catastrophizer | The Overthinker | The Controller | The People-Pleaser | The Avoider | The Worst-Case Planner | The Silent Carrier	A faith twist on the proven BuzzFeed anxiety-type format that hands you a named pattern plus a scripture and one next step you screenshot	93	"christian anxiety" YT videos run 100k-1M+ views; BuzzFeed "What Percent Worrier Are You?" and overthinking-archetype quizzes prove the type-me format
Which Bible Figure Felt Your Kind of Anxiety?	which-bible-figure-felt-your-anxiety	archetype	People feel alone in their fear and crave proof that heroes of faith panicked too	Martha (frantic and overwhelmed) | David (hunted and afraid) | Hannah (aching and desperate) | Peter (sinking in doubt) | Elijah (burned out and hopeless) | Job (blindsided by loss) | Jonah (running from it all)	Self-recognition plus a comforting "even they felt this" badge that destigmatizes anxiety and begs to be shared	90	Articles like "16 Bible Characters Who Struggled with Anxiety" and "6 Bible Figures Who Struggled With Anxiety" rank widely; Martha "anxious about many things" is a known anchor
What's Fueling Your Worry?	whats-fueling-your-worry	profile	People worry constantly but rarely know the root driver underneath the spiral	Fear of the Future | Fear of Losing Control | Fear of Not Being Enough | Fear of Abandonment | Fear of the Worst Happening | Fear of Failing God	Names the hidden root of your anxiety, which feels like being deeply seen, and gives a verse for that exact root	89	"Why am I so anxious" and "fear of the future" are heavy Christian search terms; Desiring God and Gospel Coalition both run high-traffic fear-of-future pieces
Do You Have High-Functioning Anxiety?	do-you-have-high-functioning-anxiety	profile	People who look totally put-together are secretly running worst-case scenarios all night and feel unseen	Hidden High-Functioning Anxiety | Quiet Overwhelm | Productive Panic | The Capable Mask | Mostly At Peace	"You look fine but you're not" is an instant self-recognition hook that high-achieving Christian women screenshot and send to each other	92	Multiple therapist/Christian blogs on "high-functioning anxiety in women" describe looking capable while lying awake catastrophizing; strong niche demand
Which Anxiety Bible Verse Is for You Right Now?	which-anxiety-verse-for-you	profile	People literally search "bible verses for anxiety" and want the one that fits their exact moment	Philippians 4:6-7 (Anxious About Everything) | Matthew 6:34 (Worried About Tomorrow) | 1 Peter 5:7 (Carrying Too Much) | Isaiah 41:10 (Scared and Alone) | Psalm 94:19 (Spiraling Thoughts) | John 14:27 (Can't Find Peace) | Psalm 56:3 (Afraid Right Now)	Turns the #1 anxiety search into a personalized verse-match badge people save as a phone wallpaper	91	"Bible verses for anxiety" is a top-volume YT/search category (100k-1M+ view videos, ASMR and meditation formats all over it)
What Does Your Overthinking Spiral Look Like?	whats-your-overthinking-spiral	profile	Overthinkers replay, rehearse, and future-trip and want their specific loop named	The Replayer (rumination) | The What-If Machine (future tripping) | The Decision-Freezer (paralysis) | The Comparer | The Mind-Reader | The Rehearser	Overthinking quizzes are a proven viral genre; the faith angle adds a verse to break each specific loop	90	Overthinking Archetype Quiz and BuzzFeed "If You Overthink Too Much" prove the format; rumination/catastrophizing/future-tripping are named subtypes
How Anxious Is Your Attachment to God?	how-anxious-is-your-attachment-to-god	profile	Many believers secretly fear they aren't good enough for God to love and constantly seek reassurance	Anxiously Attached (need constant proof) | Avoidant (keep God at arm's length) | Earning-It (love feels conditional) | Growing Secure | Securely Attached	Reframes attachment-theory content (huge on socials) through faith; the "do you trust God's love or audition for it" hook lands hard	88	RADIANT and Proverbs 31 both publish on attachment style and your relationship with God; "am I good enough for God to love me" is a recurring anxious pattern
Are You Stuck in Worst-Case-Scenario Mode?	are-you-stuck-in-worst-case-mode	profile	Catastrophizers mentally rehearse disasters and want to know how deep they're in	Full Catastrophe Mode | Frequent Spiraler | Situational Catastrophizer | Mostly Grounded | Anchored in Hope	The "I always assume the worst" confession is universal and the result gives a takeable thought-captive next step	87	"How to stop catastrophizing: a Christian woman's guide" and future-tripping content show strong demand for naming worst-case thinking
Which "Fear Not" Bible Moment Is Yours?	which-fear-not-moment-is-yours	archetype	People in panic want to stand inside a Bible scene where God showed up in the fear	Joshua "Be Strong and Courageous" | Elijah Fed by the Angel | Disciples in the Storm | Peter Walking on Water | Gideon "The Lord Is With You" | Mary "Do Not Be Afraid" | Daniel in the Lions' Den	A vivid "which scared-then-rescued Bible scene is you" badge built on the Bible's most-repeated command, fear not	86	"Fear not" / "do not be afraid" verse roundups are everywhere; Elijah-fed-by-the-angel and disciples-in-the-storm are go-to anxiety scenes in Christian content
Which Psalm Is for Your Anxiety?	which-psalm-for-your-anxiety	profile	People reach for the Psalms specifically when fear hits and want the one matched to their anxiety	Psalm 23 (Fear of Loss) | Psalm 46 (Chaos and Overwhelm) | Psalm 91 (Fear for Safety) | Psalm 139 (Feeling Unseen) | Psalm 56 (Afraid Right Now) | Psalm 121 (Fear of the Future) | Psalm 34 (Drowning in Worry)	A clearly distinct anxiety-specific angle on the Psalms that matches how people actually use them in panic	86	Psalms dominate "bible verses for anxiety" lists; David's anxiety in the Psalms is a recurring teaching anchor across counseling sites
Are You Carrying More Than You Can Hold?	are-you-carrying-more-than-you-can-hold	profile	People silently shoulder everyone's burdens until they're crushed and want permission to admit it	Drowning (way past capacity) | Maxed Out | Quietly Overloaded | Stretched but Coping | Carrying a Healthy Load	The "cast your cares" theme meets a brutally relatable load-check; results feel like permission to put something down	85	1 Peter 5:7 "cast all your anxiety" is everywhere; people-pleasing-to-burnout content describes Christian women carrying everyone
What's Your Health-Anxiety Pattern?	whats-your-health-anxiety-pattern	profile	People googling every symptom and fearing the worst about their body feel ashamed and alone	The Symptom Googler | The Worst-Diagnosis Jumper | The Body Scanner | The Reassurance Seeker | The Death-Fearer | Mostly At Peace	A surprisingly underserved but deeply felt niche; "this is literally me" recognition for health-anxious believers	83	Dedicated Christian health-anxiety/hypochondria content (Testimonio, Biblical Counseling Coalition, GotQuestions) shows real, distressed demand
Which Fear Is Secretly Running Your Life?	which-fear-is-running-your-life	profile	People sense fear drives their choices but can't name which fear is in the driver's seat	Fear of Failure | Fear of Rejection | Fear of the Unknown | Fear of Losing Someone | Fear of Not Mattering | Fear of Death | Fear of Disappointing God	The "name the fear that secretly steers you" reveal is high-charge and the result becomes a postable identity insight	88	Fear-themed Christian content spans rejection, the future, death, and disappointing God; "do not be afraid" is the Bible's most repeated command (well-known hook)
How Do You React When Plans Fall Apart?	how-do-you-react-when-plans-fall-apart	profile	Control-driven people unravel when life goes off-script and want to understand their reaction	The Frantic Fixer | The Shutdown | The Spiraler | The Quiet Controller | The Surrenderer	Taps the control-and-anxiety link (huge therapy topic) with a relatable trigger and a "trust vs control" verse payoff	84	Christian counseling on control issues describes "frantic control" and difficulty when plans change; control rooted in fear is a recurring frame
Is It Anxiety or Is It a Faith Problem?	is-it-anxiety-or-a-faith-problem	profile	Christians secretly fear their anxiety means weak faith and desperately want clarity and relief from guilt	It's Anxiety, Not Faithlessness | A Mix You Can Untangle | Mostly Spiritual Battle | Time to Seek Support | You're Being Too Hard on Yourself	Hits the guilt nerve "does my anxiety mean I don't trust God" and offers grace; deeply emotional and shareable	89	Health-anxiety and high-functioning-anxiety Christian sources directly name the guilt "if I had more faith would I be this anxious"; very common pain point
What's Your Worry Language?	whats-your-worry-language	profile	People express anxiety in distinct ways and a "language" framing feels fun and personal	The Verbal Processor | The Silent Stewer | The List-Maker | The Avoider | The Researcher | The Reassurance-Seeker	A love-languages-style spin on worry that is light, fun, and instantly screenshot-able with a faith next step	82	Worry/anxiety-type self-quizzes (AnxietyCentre Worry Test, anxiety-types quizzes) show demand for categorizing how worry shows up
Which Anxious Bible Prayer Sounds Like You?	which-anxious-bible-prayer-sounds-like-you	archetype	People want their raw, fearful prayers validated by scripture's honest cries	Hannah's Desperate Plea | David's "How Long, O Lord" | Jesus in Gethsemane | Jehoshaphat's "We Don't Know What to Do" | Peter's "Lord, Save Me" | Paul's Thorn Prayer	Validates messy anxious prayer through biblical examples; the "you're allowed to pray scared" message spreads	83	Counseling content highlights anxious biblical prayers (Hannah, David's Psalms, Gethsemane); "we do not know what to do" (2 Chron 20) is a known anxiety verse
How Well Do You Know What the Bible Says About Fear?	bible-fear-and-anxiety-iq	knowledge	Fans of the topic want to test whether they actually know the famous fear-not verses	Fearless Scholar | Solid Foundation | Getting There | Time to Dig In	Quizzes the "do not be afraid" verses people quote at each other; fun, low-stakes, and SEO-friendly	78	"Do not be afraid" / "fear not" verse roundups are everywhere; people share verse lists for anxiety constantly, signaling knowledge interest
Which Burned-Out Bible Hero Are You?	which-burned-out-bible-hero-are-you	archetype	Exhausted believers want to see their burnout mirrored in a faith hero who hit the wall	Elijah (collapsed after the high) | Moses (carrying everyone alone) | Martha (busy and resentful) | Jonah (done and bitter) | Jeremiah (weary of the work) | Naomi (empty and grieving)	A flagship "which tired Bible hero are you" badge; Elijah-wanted-to-die is shockingly relatable and screenshot-worthy	92	"4 Bible Characters Who Experienced Burnout" and Elijah-burnout content are widely published; Elijah running exhausted and wanting to die is the go-to burnout story
What's Your Burnout Stage?	whats-your-burnout-stage	profile	Tired people want to know if they're just busy or genuinely burning out	Running on Empty | Cynical and Detached | Surviving on Fumes | Stretched but Okay | Recovering | Healthy Rhythm	A burnout-stage diagnostic gives a serious, share-worthy "how bad is it" verdict plus a rest-based next step	90	Pastor burnout data is stark (40% high-risk, 91% experienced it, 18% "fried to a crisp"); mom-burnout content uses "nothing left to give"
Are You Actually Resting or Just Stopping?	are-you-actually-resting-or-just-stopping	profile	People collapse on the couch but never feel restored and wonder why rest isn't working	Numb-Scrolling (not real rest) | Crash-and-Burn Rest | Guilty Rest | Productive "Rest" | True Sabbath Rest	The "your rest isn't actually resting" reveal is a fresh, convicting insight that drives saves and shares	88	Biblical-rest content stresses that stopping isn't Sabbath and that we mistake numbing for rest; hustle-culture-vs-rest is a huge teaching theme
Why Are You So Tired?	why-are-you-so-tired	profile	"I'm so tired" is a daily refrain and people want to know what's actually draining them	Soul Tired (spiritual depletion) | People-Pleasing Drain | Hustle Burnout | Carrying Others' Weight | Decision Fatigue | Just Physically Run-Down	Names the real source behind "I'm exhausted," which feels revelatory, and points to the matching kind of rest	89	"I'm so tired" / weary-and-burdened (Matt 11:28) framing is everywhere; mom and ministry burnout content centers chronic exhaustion
What's Your Hustle-Culture Trap?	whats-your-hustle-culture-trap	profile	Christians feel their worth is tied to productivity and want to name the lie they've believed	Worth = Output | Can't Say No | Always Available | Rest Feels Lazy | Comparison-Driven Grind | Saving Everyone	Calls out the "my value is my productivity" lie that hustle-weary believers recognize instantly	86	Hustle-culture-vs-Sabbath content repeats that "your worth isn't your productivity"; high-functioning anxiety wears the costume of hustle
Do You Have Mom Burnout?	do-you-have-mom-burnout	profile	Christian moms feel they have nothing left to give and quietly fear they're failing	Burned Out and Running on Empty | Touched-Out and Overstimulated | Resentful and Guilty | Stretched Thin | Tired but Holding On | In a Good Rhythm	A laser-targeted "this is exactly my life" quiz for an enormous, sharing-prone audience of Christian moms	90	Christian mom-burnout content uses "you have nothing left to give," snapping over little things, and tired-after-sleep; high engagement niche
What Kind of Rest Does Your Soul Need?	what-rest-does-your-soul-need	profile	Exhausted people don't know what would actually refill them and want a prescription	Physical Rest | Emotional Rest | Spiritual Rest | Social Rest | Sensory Rest | Creative Rest | Sabbath Rest	A "types of rest" framing (trending concept) baptized in faith; gives a personalized, shareable rest plan	85	Biblical self-care/rest content distinguishes kinds of rest beyond sleep; "types of rest" is a viral wellness concept ripe for a faith spin
Which Rest-Stealer Is Robbing Your Peace?	which-rest-stealer-is-robbing-your-peace	profile	People can't rest and want to identify the specific thing stealing their peace	The Phone | Overcommitment | Guilt | Worry About Money | Comparison | Never-Off Work | A Restless Mind	Names the exact peace-thief, which is satisfying and convicting, and ties it to a Sabbath-style remedy	83	Rest/Sabbath teaching consistently lists distraction, overcommitment, and guilt as rest-killers; "be still and know" is the anchor verse
Are You Headed for Burnout? (Warning-Signs Check)	are-you-headed-for-burnout	profile	People want an early-warning read before they fully crash	Code Red (burnout now) | Flashing Warning Lights | Early Signs | Stretched but Stable | Sustainable Pace	An early-warning quiz creates urgency and a "send this to a friend who needs it" share moment	86	Burnout warning-sign checklists (headaches, tiredness after sleep, snapping, dread) are standard in mom/ministry burnout articles
What's Your Path Back from Burnout?	whats-your-path-back-from-burnout	profile	People who know they're burned out don't know how to recover and want a starting point	Radical Rest First | Boundaries and No's | Reconnect with God | Lighten the Load | Ask for Help | Restore Your Body	Turns "how do I recover" into a personalized first-step badge with a hopeful, gospel-rest tone	84	Recovery content stresses recovery "isn't doing more" and centers Sabbath, boundaries, and leaning on Jesus; clear demand for next steps
Is Your Yes Burning You Out?	is-your-yes-burning-you-out	profile	Christian people-pleasers say yes until they resent everyone and want to see the damage	Chronic Yes (heading for collapse) | Guilt-Driven Yes | Boundary-Less | Learning to Say No | Healthy Boundaries	The people-pleasing-to-burnout pipeline is intensely relatable to Christian women and the result gives permission to say no	87	"People-pleasing leads to burnout and resentment" is a documented pattern; Christian-women-as-conditioned-people-pleasers content ranks well
Which Rhythm of Jesus Do You Most Need?	which-rhythm-of-jesus-do-you-need	archetype	Burned-out believers want to copy how Jesus actually lived unhurried and rested	Withdraw to a Quiet Place | Sleep in the Storm | One Thing Is Needed (Mary) | Come to Me, All Who Are Weary | Walk, Don't Rush | Feast and Celebrate	A fresh, identity-style "which practice of Jesus is your missing piece" that frames rest as imitation of Christ	85	Rest teaching repeatedly points to Jesus withdrawing, sleeping in the storm, and "come to me all who are weary" (Matt 11:28) as the model
What's Your Sabbath Personality?	whats-your-sabbath-personality	archetype	People want to start a Sabbath but don't know what kind of rest day fits them	The Slow-Morning Sabbath | The Nature Sabbath | The People-Free Sabbath | The Worship-Filled Sabbath | The Creative Sabbath | The Sleep-and-Recover Sabbath	A fun, aspirational "which rest day are you" identity quiz that makes Sabbath feel doable and screenshot-worthy	82	Sabbath-as-antidote-to-burnout is a booming theme; "what is Sabbath rest for the burned out" guides show appetite for practical, personalized rest
